artist_name,track_id,track_name,acousticness,danceability,duration_ms,energy,instrumentalness,key,liveness,loudness,mode,speechiness,tempo,time_signature,valence,popularity
YG,2RM4jf1Xa9zPgMGRDiht8O,"Big Bank feat. 2 Chainz, Big Sean, Nicki Minaj",0.00582,0.743,238373,0.339,0,1,0.0812,-7.678,1,0.409,203.927,4,0.118,15
YG,1tHDG53xJNGsItRA3vfVgs,BAND DRUM (feat. A$AP Rocky),0.0244,0.846,214800,0.557,0,8,0.286,-7.259,1,0.457,159.009,4,0.371,0
R3HAB,6Wosx2euFPMT14UXiWudMy,Radio Silence,0.025,0.603,138913,0.723,0,9,0.0824,-5.89,0,0.0454,114.966,4,0.382,56
Chris Cooq,3J2Jpw61sO7l6Hc7qdYV91,Lactose,0.0294,0.8,125381,0.579,0.912,5,0.0994,-12.118,0,0.0701,123.003,4,0.641,0
Chris Cooq,2jbYvQCyPgX3CdmAzeVeuS,Same - Original mix,3.52E-05,0.783,124016,0.792,0.878,7,0.0332,-10.277,1,0.0661,120.047,4,0.928,0
Curbo,26Y1lX7ZOpw9Ql3gGAlqLK,Debauchery - Original mix,0.00115,0.81,124016,0.417,0.919,9,0.106,-10.783,0,0.0793,120.025,4,0.837,0
Bingo Play,5eIyK73BrxHLnly4F9PWqg,Grandma - Original mix,0.000539,0.819,132742,0.72,0.863,4,0.0727,-8.895,0,0.151,124.003,4,0.934,0
G Herbo,13Mf2ZBpfNkgWJowvM5hXh,Bon appétit,0.115,0.885,181838,0.348,0,9,0.107,-12.569,1,0.451,142.111,4,0.18,0
34 Feet,7BQaRTHk44DkMhIVNcXy2D,Among - Original mix,5.84E-05,0.74,124016,0.472,0.847,8,0.0959,-9.008,1,0.0551,120.034,4,0.622,0
Chris Cooq,049RxG2laEl9U1PGYeIqLV,Hazard - Original mix,8.11E-05,0.813,132742,0.731,0.91,11,0.0727,-8.932,1,0.0697,124.031,4,0.944,0
Jarka,118GQ70Sp6pMqn6w1oKuki,Strummer - Original mix,0.000784,0.787,124016,0.83,0.784,1,0.0373,-10.457,1,0.162,119.988,4,0.896,0
Big Koola,6S7cr72a7a8RVAXzDCRj6m,Big Racks - Original mix,0.000106,0.777,128016,0.865,0.812,7,0.0791,-12.181,1,0.117,119.979,4,0.695,0
Scatox,7h2qWpMJzIVtiP30E8VDW4,Rulet - Original mix,0.000223,0.796,132742,0.698,0.919,10,0.0727,-8.86,0,0.0792,123.973,4,0.964,0
Jupitar,3KVQFxJ5CWOcbxdpPYdi4o,Head - Original mix,3.74E-05,0.815,134769,0.709,0.938,1,0.0892,-10.666,1,0.0779,122.001,4,0.489,0
Curbo,0JjNrI1xmsTfhaiU1R6OVc,Defeding - Original mix,1.35E-05,0.799,124016,0.573,0.915,0,0.0782,-9.83,1,0.0576,120.079,4,0.766,0
Junkee,3HjTcZt29JUHg5m60QhlMw,Jupiter - Original mix,7.42E-05,0.812,134769,0.581,0.914,1,0.0892,-11.598,1,0.0874,121.994,4,0.503,0
Mamuton,42LWRdkWxM9aWmDImWvH6C,Koonra - Original mix,0.000851,0.811,124016,0.709,0.929,7,0.0628,-10.885,1,0.0504,120.007,4,0.653,0
Yellow Ey,32dMH9MvlTJaABrPHY52Yb,Spouse - Original mix,0.0315,0.746,127727,0.645,0.966,1,0.134,-16.615,0,0.0532,124.032,4,0.0359,0
Bingo Play,5RCPsfzmEpTXMCTNk7wEfQ,Prop - Original mix,0.000256,0.813,134769,0.598,0.891,8,0.0892,-11.058,1,0.0874,122.01,4,0.623,0
Pablo XD,0y0mwXrdEzjUK5Nq8GDPnY,Particular - Original mix,9.10E-06,0.812,124016,0.504,0.944,1,0.0848,-11.006,1,0.055,120.014,4,0.585,0
Tremora,3RSMqu36JZnmMkrnNmnqyd,Tremor - Original mix,0.000428,0.814,134769,0.824,0.738,9,0.0771,-8.98,0,0.0846,122.011,4,0.591,0
Junkee,1o0fkWCltFHVeFIRHqvR5b,Cent - Original mix,0.000133,0.813,134769,0.703,0.927,1,0.0892,-11.562,1,0.0968,121.984,4,0.503,0
Mamuton,2iGShSeV6WcDbez5SLJ2bJ,Pantheon - Original mix,7.01E-05,0.81,124016,0.537,0.932,2,0.0745,-9.894,1,0.0762,120.036,4,0.523,0
Chris Cooq,2rNTo0tGUMW6rn0uHzV5er,Samplerup - Original mix,6.66E-06,0.806,128016,0.587,0.896,7,0.243,-10.057,1,0.0607,120.018,4,0.616,0
Bob Janga,5Egkx8edirN0pR2R58C2ME,Sinisteraz,3.85E-05,0.812,125381,0.454,0.917,4,0.0696,-9.331,0,0.0965,123.014,4,0.281,0
Junkee,67r3lnzstENsRYlZWq6DYP,Tenon,0.0018,0.802,131016,0.695,0.915,6,0.109,-7.382,0,0.0622,119.989,4,0.316,0
34 Feet,4X8W9SSu9D5MujoxwIwqw6,Strap - Original mix,0.0016,0.822,132742,0.789,0.774,0,0.0727,-8.783,1,0.124,123.972,4,0.923,0
PUBG,4lncSzeN8WOH2iHEO593iZ,Roxa - Original mix,0.00053,0.809,124016,0.629,0.937,8,0.0788,-10.081,1,0.0605,119.99,4,0.502,0
Big Koola,1L67mcddFQ65MfA3wO3MHV,Catholic - Original mix,0.000452,0.806,124016,0.463,0.938,6,0.0605,-10.788,0,0.299,119.985,4,0.684,0
Electrofanatik,21DU83QG4jB4mQKh76X32h,Noboz,6.96E-05,0.812,125381,0.452,0.897,5,0.097,-9.312,0,0.0632,123.042,4,0.499,0
Alex Delgado,08nyEVO684j7pcTAhEY2zJ,Astou - Original mix,2.66E-05,0.81,148016,0.94,0.917,10,0.0351,-9.391,0,0.0543,120.022,4,0.444,0
Cubby One,4LMVmlX8WXPu8OyPwzkNpR,Reee,0.000728,0.813,125381,0.572,0.89,2,0.0864,-9.564,1,0.0871,123.025,4,0.673,0
ANNA-NO,7JYCpIzpoidDOnnmxmHwtj,Bathroom - Original mix,0.000358,0.759,124016,0.855,0.802,5,0.0489,-12.001,0,0.0614,119.901,4,0.808,0
Sasha 23,0mmFibEg5NuULMwTVN2tRU,Shuffle - Original mix,7.69E-05,0.81,148016,0.948,0.894,10,0.0509,-9.367,0,0.0569,119.988,4,0.754,0
Zytrex,01qc7HHvJdcNviyizhuCSI,Bordering - Original mix,0.0108,0.807,124016,0.615,0.918,4,0.0812,-11.519,0,0.111,120.006,4,0.603,0
Zeus Whey,3ejMaQNGpxUWpFxik74rfH,Stool - Original mix,3.22E-05,0.793,124016,0.538,0.827,7,0.0569,-9.82,1,0.0744,119.99,3,0.592,0
Mamuton,1jFL774GMnBl5Esa9SN4rL,Mamut - Original mix,5.11E-05,0.812,124016,0.511,0.907,5,0.0618,-10.903,0,0.0927,119.987,4,0.618,0
Gladiator Osman,2FLJcyNuD454zGjSLf6uOk,Bulk - Original mix,4.36E-05,0.809,124016,0.604,0.923,1,0.0524,-10.482,1,0.0874,120.046,4,0.713,0
Curbo,4oBCrYdTrcBPouBzRAO95u,Tuesday,0.00295,0.808,124893,0.53,0.494,11,0.108,-10.356,0,0.0503,122.995,4,0.744,0
Electrofanatik,3zudm51wD90h7X7gncfhay,Dong,0.00025,0.812,124944,0.778,0.865,6,0.0975,-8.429,1,0.0458,123.05,4,0.683,0
Dan Thomas,7G8Qj5uNs9XShNtHJpFNTj,Beb,0.0958,0.548,127485,0.722,0.859,9,0.169,-10.046,0,0.0335,122.585,4,0.746,0
Mr Little Jeans,3Z78Hd9B1OndIo7XJajwYR,Forgetter,0.125,0.821,254122,0.512,0.00703,5,0.0879,-7.138,0,0.0596,128.035,4,0.543,28
Orjan Nilsen,16UKw34UY9w40Vc7TOkPpA,Nothing Here But Love,0.0448,0.574,189467,0.881,0,5,0.0756,-2.15,0,0.166,126.131,4,0.551,29
ANNA-NO,6GYRW61K0Rd5kdrW62sb2d,Week - Original mix,0.00117,0.854,132742,0.741,0.863,9,0.0727,-8.298,1,0.149,124.027,4,0.911,0
Mbo Mentho,3PmPdmHHlDylHFW8yF5f8H,Reledaus,0.409,0.574,171000,0.463,0.000264,11,0.118,-23.058,0,0.0499,159.988,4,0.993,0
Burbank,7AgDITo8BVDoh2bXj2psYA,Waiting for U,0.832,0.699,168000,0.309,0.171,4,0.116,-10.79,1,0.159,79.991,4,0.422,31
PJ Lucid,1I8s0BRa9QnrlAKmSuNEM3,Martyr Luther King,0.209,0.709,184546,0.576,2.66E-06,9,0.152,-8.727,1,0.427,78.706,4,0.318,41
Messiah,3NXnKCNwFNk6xVYEZE2Tmu,Bien De To,0.13,0.572,186566,0.867,0,5,0.321,-6.148,0,0.386,88.148,5,0.376,22
Betty Who,0Hd2n9oE0n4szD6mzrvcV4,Friend Like Me,0.925,0.611,217466,0.238,3.91E-06,11,0.123,-11.93,1,0.0356,122.047,4,0.248,44
Your Smith,5Y7DSov75Ic5viePFoD0WX,The Spot,0.0617,0.935,171383,0.756,7.60E-06,4,0.12,-6.957,1,0.084,112.045,4,0.961,48
Snow Patrol,0aYzQjr1hq0qJwp45diy5M,Heal Me,0.122,0.552,241160,0.789,4.98E-06,9,0.0874,-5.449,1,0.0242,93.938,4,0.349,53
Dirty Projectors,7B1he5MaIXjreL2R4qOa6h,Blue Bird,0.52,0.53,229333,0.521,0.0289,8,0.209,-7.939,0,0.152,117.259,3,0.529,37
Money Man,7d2RGG3rRRex2lG8LlEHYo,Bday Cake,0.00593,0.867,109056,0.517,0,2,0.131,-10.482,1,0.253,130.033,4,0.179,15
Code Orange,2XhJpVPyqhDU0EPDAIBpwe,The Hunt (feat. Corey Taylor),2.62E-05,0.121,226906,0.982,0.0187,6,0.641,-0.447,1,0.135,75.075,4,0.228,44
Demun Jones,0RS401jpQlguNb7ozzpri3,Sound on the Water,0.157,0.686,210005,0.873,3.10E-06,9,0.15,-4.721,1,0.245,90.013,4,0.386,40
Tabi Bonney,4NoBWcboBPNVI9Lf7e3ihA,Faded,0.00432,0.858,217371,0.698,0.377,0,0.18,-8.124,1,0.16,122.999,4,0.734,15
Trevor Hall,5iz6oTqd2Xu0FLdTwom6mK,Free,0.774,0.523,258255,0.615,2.01E-05,0,0.365,-8.136,1,0.0361,95.087,4,0.637,42
Lake Street Dive,5eyPkSDWFQNnnkZhFfE6Yo,Good Kisser - Recorded at Spotify Studios NYC,0.167,0.57,245596,0.556,0,10,0.0868,-8.139,1,0.0894,158.153,4,0.691,38
UNB,4SiGRgJVUUDpMbW6LxJRCH,BLACK HEART,0.0198,0.713,185969,0.937,0,5,0.57,-2.107,1,0.131,125.969,4,0.728,47
Dominion,2YWgPHZSzjfkh2dPsEuaTm,Balenciaga,0.0393,0.751,223000,0.512,3.29E-05,11,0.267,-6.789,0,0.056,160.016,4,0.335,2
Lecrae,1FYd1szE0RHXOAM00V4MEx,Coming In Hot,0.0271,0.89,200168,0.454,3.58E-06,8,0.157,-8.777,1,0.26,140.041,4,0.425,70
Preme,3E2UVESx8PxFMbxrnIsJrZ,No Exit,0.558,0.446,211304,0.383,0.00214,1,0.111,-10.309,1,0.0647,74.953,3,0.0585,0
Kiana Ledé,2PQVLVJ1J57t7uQO4Y2Mzq,Fairplay (feat. ASAP Ferg) - Remix,0.539,0.733,167920,0.489,0.00019,8,0.102,-9.538,1,0.306,139.949,4,0.689,2
Southside,7H4KuOHwoKEgPla1yHhq1N,Some Nights,0.0978,0.404,198553,0.926,0,4,0.102,-4.986,0,0.734,85.96,4,0.211,30
Loote,6bVIL7Jn0hHto1WftJ2VxU,Longer Than I Thought,0.0922,0.75,215867,0.715,8.86E-06,9,0.395,-5.873,1,0.101,117.989,4,0.333,4
Sleeping At Last,0aNAiwG9kCxFKCJVbo6B1J,"July 27, 2018: Total Lunar Eclipse",0.927,0.336,102570,0.294,0.968,8,0.0965,-15.374,1,0.033,141.452,4,0.156,37
Xavier Wulf,1QozDHVFxNin5IQvFG7HZ8,Homecoming (feat. Bankroll Rico),0.239,0.914,184130,0.565,0,9,0.101,-5.1,1,0.389,133.021,4,0.681,42
Xavier Wulf,6WclEbHlipCKMaPsG8Ii1k,Eastside Sliding (feat. idontknowjeffery & Chris Travis),0.00361,0.942,152655,0.736,0,2,0.106,-6.058,1,0.268,140.025,4,0.833,43
Armin van Buuren,5DmhuZg7dwVaA0XUlxxVVu,Our Origin (ASOT 874) [Tune Of The Week],0.000129,0.372,440952,0.813,0.937,9,0.289,-11.142,0,0.0327,131.999,4,0.118,27
Beatsole,3Rx1zM3nDFQzAOYg9Hd0D4,Shanti (ASOT 874),0.000215,0.435,277098,0.796,0.887,2,0.407,-12.252,1,0.0687,132.049,4,0.106,31
Ferry Corsten,6F5J2WFkygpTK89V7ovVB1,I Love You (ASOT 874),3.55E-05,0.489,172244,0.932,0.125,2,0.294,-10.371,1,0.0432,132.003,4,0.62,23
Audien,6cVeUZciqheFBEaJ4haQdJ,Higher (ASOT 874),0.000426,0.441,151900,0.472,0.0019,6,0.115,-12.172,0,0.0363,131.964,4,0.0655,20
Elevven,74pdubLPY21sp8poN4Jxoi,Heartbeat Tonight (ASOT 874) [Progressive Pick],8.96E-05,0.483,237556,0.743,0.00208,6,0.11,-10.563,0,0.097,132.01,4,0.102,18
Denis Kenzo,0ehIsKEuHfqMLo4Z06ghys,Sweet Lie (ASOT 874) [Future Favorite],0.0458,0.376,245710,0.616,3.55E-06,1,0.502,-12.556,0,0.045,131.996,4,0.122,22
ARTY,6PqVd4RkjnOTroZI6C4WW0,Tim (ASOT 874),9.97E-05,0.165,216960,0.839,0.903,4,0.201,-11.006,1,0.0344,128.076,4,0.326,21
Davey Asprey,0bh4eFCAXeWDaFBr2aHtuP,Azile (ASOT 874),0.0226,0.361,117170,0.551,0.92,3,0.613,-12.575,1,0.0382,135.063,4,0.446,19
ARTY,7915iolh0QvdpvSIiAj3h4,Rain (ASOT 874),0.000128,0.368,202570,0.644,0.0654,10,0.195,-10.883,1,0.0368,127.808,4,0.0694,19
ARTY,1F71wFfIO5MMcD5YRIgAi8,Sunrise (ASOT 874),0.00185,0.274,191780,0.404,0.00319,0,0.232,-11.174,1,0.0354,127.805,4,0.22,19
Neffex,2yB5GBaK8C2zsKLlHV4ND3,Climb,0.039,0.775,144000,0.685,0,5,0.0725,-7.552,1,0.369,140.142,4,0.949,41
Armin van Buuren,6clAqlVyqTibiYdZENHbg9,"A State Of Trance (ASOT 874) - Track Recap, Pt. 1",0.112,0.516,31720,0.685,0,6,0.369,-10.207,0,0.241,91.191,3,0.821,14
Armin van Buuren,3wEVmwMEPENPXaWgW2hAyR,"A State Of Trance (ASOT 874) - Track Recap, Pt. 2",0.116,0.592,35060,0.676,0,6,0.552,-10.949,0,0.365,64.037,3,0.725,14
Armin van Buuren,7ETDWSQx083kZ1oybLDGzS,"A State Of Trance (ASOT 874) - Track Recap, Pt. 3",0.0306,0.489,50700,0.599,0,11,0.328,-10.637,0,0.27,135.446,5,0.599,13
Armin van Buuren,08RRNkA508ClDTE0QYqDYn,A State Of Trance (ASOT 874) - ASOT Live From Tommorowland 2018 Announcement,0.0879,0.527,35990,0.757,0,4,0.454,-10.241,0,0.298,67.019,3,0.953,14
Armin van Buuren,7frbTr9qYVdeXjUUC6HwOj,"A State Of Trance (ASOT 874) - Coming Up, Pt. 3",0.151,0.538,49120,0.858,0,8,0.144,-11.037,1,0.16,132.088,4,0.703,14
Vincent de Moor,6CHzMqs0evRZb9bczFWnyM,Fly Away (ASOT 874) - KhoMha Remix,0.000195,0.471,191930,0.888,0.893,1,0.688,-11.833,1,0.0519,130.074,4,0.304,18
Rub!k,1h8QJnnfhkpGDq1wLw6Wa9,Breathe Deep (ASOT 874),0.00412,0.448,195750,0.738,0.911,11,0.269,-11.676,1,0.0773,130.058,4,0.109,16
Xavier Wulf,753SBYPEiJG9wTkXBSgMce,Wake Walker,0.169,0.832,133349,0.457,2.94E-05,1,0.133,-10.623,1,0.172,130.026,4,0.227,39
Gareth Emery,0gP7v27ftkscMDsg8LblW1,Saving Light (ASOT 874) [Service For Dreamers],0.000295,0.269,251700,0.566,0.0707,4,0.502,-11.096,0,0.0429,131.863,4,0.0587,18
Armin van Buuren,69LlMR6xB0ZzWMd8JfPmed,"A State Of Trance (ASOT 874) - Coming Up, Pt. 2",0.18,0.453,41565,0.507,0,7,0.836,-12.69,1,0.303,111.266,4,0.536,16
Fatum,55gqdKiMHGSZ2vyyL8HMAs,Petra (ASOT 874),0.00172,0.239,107120,0.657,0.971,6,0.126,-11.322,1,0.0754,129.747,4,0.146,15
Alex Sonata,7vbF57ErhjDbuyrNoq24K0,I'll Be Your Light (ASOT 874),0.00564,0.299,227240,0.641,0.000987,0,0.705,-11.93,0,0.0519,132.014,4,0.126,32
Armin van Buuren,0P2U58g8RHQ51exzBZglwu,"A State Of Trance (ASOT 874) - Interview with ARTY, Pt. 1",0.242,0.551,34900,0.551,0,1,0.716,-10.971,1,0.81,172.205,5,0.759,12
Specific Slice,15XCwvNmzx7NhUmHWwvYEV,Inception (ASOT 874),0.00019,0.395,298810,0.859,0.384,1,0.733,-11.906,1,0.095,131.682,4,0.251,14
Andy Moor,7BOPIDwfcZxrijQsmmIJNm,There Is Light (ASOT 874) - A.R.D.I. Remix,0.00017,0.454,252150,0.966,0.715,0,0.477,-11.679,0,0.24,137.035,4,0.0536,16
Xavier Wulf,2vHpodBjzmquS1otuCN9Ra,A Day's Routine - Interlude,0.0025,0.651,137179,0.857,0.493,1,0.115,-7.672,0,0.0609,169.97,5,0.139,37
Armin van Buuren,4b015GCZ0TsIGAx5NpDs7I,"A State Of Trance (ASOT 874) - Coming Up, Pt. 1",0.0198,0.46,31224,0.662,0,2,0.299,-10.579,1,0.333,132.468,4,0.706,16
Armin van Buuren,38OiUD6l3Tm1jgSLGC9GNH,"A State Of Trance (ASOT 874) - Interview with ARTY, Pt. 2",0.236,0.657,31110,0.471,0,9,0.862,-10.784,1,0.404,77.584,3,0.867,12
Hamzeh,5BCnkUBpOza5RMvAc7hhhW,Frostbite (ASOT 874),0.00776,0.433,176070,0.787,0.883,8,0.39,-11.765,1,0.0378,133.515,4,0.214,14
MaRLo,6d4kE5Kz6ZD4XNrItzdG2m,Haunted (ASOT 874) - Avao Remix,0.000977,0.499,243540,0.722,0.515,7,0.331,-11.55,1,0.0429,136.174,4,0.0844,17
Armin van Buuren,3VxbUOrzirMCahEIsA1d6V,A State Of Trance (ASOT 874) - Intro,0.00276,0.291,31315,0.905,0,2,0.369,-10.378,1,0.165,134.223,1,0.341,17
Armin van Buuren,7n0tdLess1KeIFAHGH0fVM,"A State Of Trance (ASOT 874) - Interview with ARTY, Pt. 3",0.276,0.668,33780,0.462,0,9,0.666,-10.292,1,0.38,89.691,5,0.907,12
Armin van Buuren,5F1lGLl5wpnhC3y8cYMpho,"A State Of Trance (ASOT 874) - Coming Up, Pt. 4",0.115,0.538,48750,0.795,0,11,0.855,-10.377,0,0.0933,100.567,4,0.721,12
Armin van Buuren,7ftu8yJOfPaM6T8wE81Mt8,"A State Of Trance (ASOT 874) - Interview with ARTY, Pt. 4",0.305,0.76,36520,0.462,0,11,0.409,-11.029,0,0.422,88.645,5,0.918,12
Adam Ellis,3HRLlKWdmzXfAmbcrOkevH,An Ember In The Ashes (ASOT 874),0.000108,0.408,268410,0.979,0.981,1,0.55,-11.928,1,0.0673,135.993,4,0.116,16
Maarten de Jong,4mAMQYAVYgogB0aKVC6TIp,Cast Iron (ASOT 874),9.14E-06,0.246,147280,0.802,0.905,7,0.536,-10.609,1,0.0431,135.974,4,0.152,17
Armin van Buuren,6c6yKJwLGzXOu0vEakOH13,A State Of Trance (ASOT 874) - Contact 'Service For Dreamers',0.0577,0.555,38230,0.547,0,9,0.66,-11.486,0,0.341,64.775,4,0.646,11
Armin van Buuren,1S0RxwsyXIzBEgFjSm5kSR,"A State Of Trance (ASOT 874) - Track Recap, Pt. 4",0.0478,0.427,33240,0.659,0,7,0.348,-10.572,1,0.202,134.254,4,0.698,11
Jeremy Vancaulart,2VcMphlgKGvL1qkYGc8x6U,Hurt (ASOT 874),7.84E-05,0.428,224650,0.975,0.48,6,0.708,-10.791,1,0.131,138.026,4,0.0398,18
Armin van Buuren,4Z2PSznN20oTgid0Oipjcg,"A State Of Trance (ASOT 874) - Coming Up, Pt. 5",0.0769,0.486,34920,0.805,0,8,0.256,-10.663,1,0.249,131.339,1,0.391,11
Armin van Buuren,4Qx6U2LJUc7BsRJdeJtofE,"A State Of Trance (ASOT 874) - This Week's Service For Dreamers, Pt. 1",0.192,0.602,34150,0.49,0,11,0.894,-11.624,1,0.438,68.184,4,0.575,11
Monada,6m7oudpYFspprKzxVAEr6q,Sunbeam (ASOT 874),1.70E-05,0.365,158780,0.881,0.966,4,0.428,-12.329,0,0.0455,137.986,4,0.12,13
Armin van Buuren,6YAL6PEqjMuZQ7KTLD8W4q,We Control The Sunlight (ASOT 874) - Dan Stone Remix,1.26E-05,0.418,235450,0.86,0.465,6,0.224,-11.502,0,0.0735,137.866,4,0.206,16
Armin van Buuren,7jaWLAOLee9FTHwpCT6Ktr,"A State Of Trance (ASOT 874) - This Week's Service For Dreamers, Pt. 2",0.207,0.599,32200,0.529,0,11,0.848,-11.018,0,0.325,133.665,4,0.585,11
Armin van Buuren,1n5fuPLpUn9U5uqJGWfV7L,"A State Of Trance (ASOT 874) - This Week's Service For Dreamers, Pt. 3",0.205,0.564,36370,0.473,0,1,0.358,-11.533,0,0.324,119.102,3,0.309,11
John Askew,65xGXbgdMo3KZGMrcbLNuE,On The Rocks (ASOT 874),0.00294,0.387,137390,0.989,0.959,1,0.684,-11.694,1,0.0813,138.074,4,0.33,18
Armin van Buuren,4XG9o1DYkfDf4q5olv04ca,Missing (ASOT 874) - Jorn van Deynhoven Remix,1.89E-05,0.456,192000,0.948,0.457,7,0.288,-11.608,1,0.0953,138.004,4,0.081,16
MaRLo,7EzEEmLfztTRDMLqSDE5Dk,Always Be Around (ASOT 874) - Pinkque Remix,0.000209,0.392,205160,0.816,0.371,4,0.327,-11.267,0,0.048,138.077,4,0.0373,15
Armin van Buuren,6T1VY8XrCMCImAWrg9nJcE,"A State Of Trance (ASOT 874) - Track Recap, Pt. 5",0.103,0.409,31340,0.839,0,10,0.657,-10.477,0,0.314,139.716,4,0.652,10
Cosmic Gate,2FAWvFvbnIQewuisjPhcmh,Exploration Of Space (ASOT 874),0.00704,0.425,58910,0.922,0.0109,7,0.331,-10.325,1,0.0526,138.055,4,0.695,12
ALPHA 9,0geQd4APFu9K4FjqwKkZjp,Burning Heart (ASOT 874),1.39E-05,0.448,210000,0.85,0.0228,0,0.539,-10.879,1,0.0349,128.052,4,0.218,16
Avao,05bIw49oVIztN3mwOyYKY5,Activate (ASOT 874) [Trending Track],0.000648,0.465,64370,0.855,0.254,7,0.462,-11.082,1,0.054,138.076,4,0.543,12
Audien,7yHAA8e16KX1IBOswH2KRc,Wayfarer (ASOT 874),0.000151,0.43,89980,0.876,0.317,7,0.184,-12.224,0,0.0941,127.994,4,0.75,14
Armin van Buuren,7iaOnKcGfobqKucWY3XBR1,A State Of Trance (ASOT 874) - Shout Outs,0.283,0.465,32190,0.616,0,11,0.584,-10.644,1,0.199,148.377,4,0.878,10
Armin van Buuren,4J02UuHtK28HzY43XpOjz8,EIFORYA (ASOT 874),0.0472,0.254,45330,0.314,0.51,0,0.181,-12.533,1,0.043,138.033,4,0.493,11
ALPHA 9,25I7GOLJGXTg6Euw3t7f6B,Skin (ASOT 874),0.19,0.423,154470,0.449,0.43,2,0.482,-12.176,0,0.0335,128.059,4,0.165,14
Above & Beyond,4QtksZ3EZhNpiBlNAj3WU6,My Own Hymn (ASOT 874) - ALPHA 9 Remix,0.000643,0.296,261059,0.58,0.000176,0,0.262,-11.186,1,0.0476,127.613,4,0.156,14
Armin van Buuren,0MiOAORl4xjf5FR7HruHKx,A State Of Trance (ASOT 874) - Vote For DJ Mag Top 100,0.0416,0.441,42230,0.836,0,0,0.307,-10.729,0,0.095,137.647,4,0.634,10
Reverse,4nRayAcWEtaviWhQ8O6xCn,Absolute Reality (ASOT 874) - ARTY Remix,4.57E-05,0.421,180410,0.561,0.8,10,0.169,-12.234,1,0.0468,127.934,4,0.0524,15
ALPHA 9,01GJ1uuXSQycnqSHCk43c7,The Night Is Ours (ASOT 874),0.00052,0.399,173790,0.571,0.0594,5,0.277,-11.42,0,0.0458,128.064,4,0.243,15
Armin van Buuren,3MxEH4OLGgyXzdi0y3QThf,"A State Of Trance (ASOT 874) - Track Recap, Pt. 6",0.0493,0.423,33160,0.675,0,7,0.433,-10.714,1,0.199,142.369,3,0.808,10
Deniz Koyu,0lNjg4MOf3X36oZmkmnVm2,Hydra (ASOT 874),0.00883,0.408,75000,0.668,0.96,8,0.151,-11.939,0,0.0584,127.879,4,0.0917,13
Rafael Frost,28ujdbx9KMnEeaGrRLLqUV,New York (ASOT 874),4.90E-06,0.523,40990,0.586,0.765,1,0.832,-11.145,1,0.057,127.962,4,0.336,11
ALPHA 9,1SHoIkSvuvpWroSS7ffxe9,Only Good Mistake (ASOT 874),0.000997,0.379,135000,0.483,0.0037,1,0.507,-11.232,1,0.0567,128.096,4,0.126,14
Armin van Buuren,32aXcAaApfTbkZEuoWSOMg,A State Of Trance (ASOT 874) - Upcoming Events,0.261,0.481,33400,0.783,0,11,0.644,-10.937,0,0.356,77.539,3,0.752,10
Armin van Buuren,3VpWFnitRRiO8keadeQyEi,Shivers (ASOT 874) - ALPHA 9 Remix,0.000121,0.44,322400,0.789,0.235,1,0.242,-10.886,1,0.0473,127.963,4,0.192,14
ALPHA 9,0DL6M2BeSEKJjrLEj54LvG,Sleepwalker (ASOT 874),4.27E-05,0.21,189100,0.506,0.038,4,0.207,-10.958,0,0.0512,122.931,4,0.134,13
ARTY,6cgMlo8GpIxQ6MwPkQzLZm,Must Be The Love (ASOT 874),4.20E-06,0.485,60000,0.86,0.823,11,0.347,-12.26,0,0.41,127.993,4,0.311,13
ALPHA 9,11skvfhQuB4tg0gsGSNc6b,Higher Place (ASOT 874),0.371,0.397,37434,0.631,0.514,8,0.488,-13.278,0,0.0506,128.084,4,0.66,12
Andrew Bayer,5oeKCFPdQaEE8NWjN3dqmr,Nobody Told Me (ASOT 874),0.000127,0.461,105200,0.86,0.9,2,0.434,-11.483,1,0.0572,127.982,4,0.493,11
Armin van Buuren,7KlQI5zs17kOUhfYY3o0vN,A State Of Trance (ASOT 874) - Outro,0.0282,0,33310,0.524,0,11,0.658,-11.89,0,0,0,0,0,9
Xavier Wulf,5w4P88ZGRvKpUSmHNiWKjP,Riding Shotgun in Japan (feat. KOHH),0.115,0.774,163835,0.54,0,2,0.79,-9.954,0,0.16,129.918,4,0.541,36
Frédéric Chopin,1sIzPJtHugaVr4lS4GlGqv,"舟歌 嬰ヘ長調, 作品 60",0.993,0.318,523227,0.0749,0.871,6,0.0873,-24.19,1,0.0353,88.744,3,0.0753,9
Frédéric Chopin,18SclPdDvdlvP0Qr0EBjmd,"スケルツォ 第 2番 変ロ長調, 作品 31",0.99,0.412,563880,0.126,0.91,1,0.0989,-21.512,1,0.0437,137.818,3,0.139,8
Frédéric Chopin,15kCzOEInAZaXUb0V6mSTN,"練習曲, 作品 25 第 1番: 変イ長調 エオリアン・ハープ",0.985,0.184,156613,0.0697,0.846,8,0.12,-26.376,1,0.0344,88.595,4,0.0607,8
Frédéric Chopin,03mapUPUz3e1zrfddrzoTi,"練習曲, 作品 25 第 9番: 変ト長調 蝶々",0.987,0.535,69813,0.238,0.883,6,0.136,-22.099,1,0.0508,101.77,4,0.715,6
Xavier Wulf,2a4EjsC0cpRXPQ9moclzbi,Check It Out (Remix) [feat. Skepta],0.315,0.842,121555,0.653,0,9,0.104,-8.046,0,0.135,156.006,4,0.844,42
Spirit Animal,3feiDuC0ErNBTyFt61mDpJ,YEAH!,0.000254,0.523,196343,0.665,0.011,4,0.11,-5.686,1,0.0667,168.085,4,0.386,17
Bmbu,2fO7Ldwx0BMh616lc5lwrp,Running Water,0.212,0.778,57391,0.458,0.589,10,0.0878,-13.004,0,0.0857,91.981,4,0.171,9
Jvnior,0wHTdKho5nt3akZbp06Sxb,Need You,0.166,0.748,146308,0.637,0.0036,2,0.321,-7.113,1,0.0626,104.995,4,0.671,37
Natalie Stovall,4f0fNn7xBu6COtRfMAzjJ5,Can't Love You No More,0.00888,0.572,184240,0.939,0,4,0.287,-3.415,0,0.106,106.041,4,0.591,21
Jon Z,4e2cAiSYtXiDzomtvBS4CT,The timeless one,0.0441,0.412,184750,0.618,0.294,6,0.191,-7.049,1,0.0286,180.007,4,0.139,19
Smutelish,3WD3kGgHCPOTBGvKThRdmx,Remembering,0.873,0.71,44716,0.392,0.000456,0,0.0895,-7.129,1,0.481,90.71,4,0.943,0
Jon Z,3JMsCeOPEl9furVi811r7e,The movie,0.00182,0.524,227027,0.2,0.944,0,0.0758,-26.135,1,0.0496,148.03,4,0.176,20
Rakeem Miles,2cbPnoLB6GglJnNhYWiz0j,Hardway,0.0236,0.944,183273,0.752,0.00126,11,0.115,-6.556,1,0.0775,110.062,4,0.295,28
Mantraa,4dVWz5zq7XXigjOfrAfI19,Movin On,0.00162,0.779,180000,0.859,0.0152,5,0.225,-3.977,1,0.0661,120.023,4,0.559,20
Buhano,2balIZYS6gDyGSD24epoMq,Fepa,0.371,0.606,127409,0.592,0.898,0,0.111,-10.803,1,0.0375,122.735,4,0.839,0
Joe,1Ty1P2mivBFaWI50t2Q7xA,Red Planet - Quiet Land Extended,0.157,0.789,374840,0.976,0.804,0,0.039,-11.106,1,0.0598,134.896,4,0.676,3
Curtis Walsh,0C5jmw61aKNP6ngy0FXm56,Full Recovery,0.786,0.524,176135,0.307,0,9,0.111,-9.753,1,0.0465,153.157,4,0.408,54
Alexander Gold,6619EaPz9Kyp57avUUgfpK,Troubled,0.729,0.459,202406,0.501,0,10,0.159,-5.748,1,0.0317,71.929,4,0.41,0
Kojbob,1pJbpm3de0PuBXebR9L5sg,AC,0.0155,0.747,127241,0.495,0.142,4,0.155,-10.975,0,0.0452,122.929,4,0.825,0
deadmau5,6vx0xD9tCnPhbOdC1s0cHM,imaginary friends - ov,0.572,0.0971,103125,0.178,0.934,7,0.0824,-15.84,1,0.0351,169.534,4,0.0458,40
Death Grips,7HmEH46Z57kyKbVO8JvlQQ,Little Richard,0.000912,0.484,145382,0.929,0.0968,9,0.344,-4.552,0,0.119,138.36,4,0.596,40
Nathan Fouts,2HnwAMmCf1bn0DEZZq1Zsp,Educated,0.247,0.466,272000,0.513,0,4,0.0934,-9.816,1,0.108,110.186,4,0.235,0
Zallow Chance,0pQjDP36VInPlF3iA1BsJ1,Joy Wishes,0.383,0.173,151745,0.461,0.785,7,0.344,-6.373,0,0.0327,95.243,4,0.105,0
Betty Who,6iNqFvePdXbWtp3bZWx21Q,Taste - DSKO Remix,0.0614,0.756,236348,0.472,9.80E-06,5,0.0871,-9.644,0,0.0726,114.96,4,0.519,24
Ne-Yo,70roSl0y52nrJIMCzsb92H,OCEAN SURE,0.153,0.362,224120,0.449,0.000177,9,0.16,-7.7,1,0.0474,97.876,5,0.197,45
Marvelus Fame,1D0WEXnRvglieRauHKrypU,Camara Lenta,0.679,0.718,205822,0.695,2.84E-06,5,0.0902,-6.039,1,0.213,142.109,4,0.467,47
Chaos Chaos,35hWFT2iRk3hUYUnYRY9YL,Kanye's Bday Song,0.041,0.829,128000,0.727,4.24E-05,1,0.121,-8.942,1,0.122,122.049,4,0.895,39
Alex Da Kid,1Fj145pL4KfM2dyqabvkvl,"Go 2.0 (feat. Jorja Smith, H.E.R. and Rapsody)",0.0237,0.586,207173,0.569,0,1,0.179,-6.507,0,0.0649,132.712,4,0.65,48
Kygo,0zhBS3T33cnJUwfoOEmlCL,Kids in Love (feat. The Night Game) - The Him Remix,0.104,0.532,195920,0.723,9.28E-06,0,0.114,-4.691,1,0.0449,125.071,4,0.181,48
Hosannas,6njLwZapKia8OaFhftXZY3,Hands,0.558,0.616,281958,0.419,0.000348,9,0.0636,-9.31,0,0.0303,138.985,4,0.328,19
Chris Lane,5IuclbcdIMGedvvvhWgdYh,Number One,0.417,0.589,222387,0.745,0,0,0.195,-3.821,1,0.0288,131.912,4,0.484,1
Brandon Rose,7CYPtlmdE6YUG42VIAxbil,Money Power Respect,0.0932,0.669,206821,0.827,0,8,0.24,-5.426,0,0.257,116.14,5,0.298,0
Rico Nasty,4rNcajJ4guG6OnbMp7TkgK,In The Air (feat. BlocBoy JB),0.207,0.844,178405,0.931,0,11,0.119,-2.01,0,0.239,139.924,4,0.849,46
Dawes,3hiLVLYbopkDcZG781UMbx,Stay Down,0.616,0.732,200352,0.494,0.000481,4,0.109,-10.033,1,0.0328,115.857,4,0.765,38
Sleepdealer,5DqI43xcMCpjgJf20fxPuG,Back in Tokyo,0.892,0.766,103036,0.338,0.479,0,0.105,-13.111,1,0.546,84.026,4,0.673,33
Jim James,7FWL3U5cjcbLZxLzBKJbXC,Throwback,0.0224,0.402,318800,0.864,6.97E-06,6,0.0777,-5.316,1,0.0481,117.281,4,0.487,36
Zaxx,70lQUUXt7X3MUdP1s3Sqey,Together,8.66E-05,0.526,235779,0.482,0.557,9,0.429,-6.358,1,0.035,84.968,4,0.04,40
Jon Z,4sCUhnHVWneQFZHslU1bqv,Dialo,0.652,0.748,195362,0.694,0,4,0.725,-7.042,0,0.16,125.195,4,0.601,40
Neko Case,52nxKZY1nWQoBQxuO9uISM,Curse of the I-5 Corridor,0.433,0.359,421244,0.573,0.00139,9,0.354,-8.92,0,0.0503,148.029,4,0.352,43
Espinoza Paz,7bjAtBIgDlmTQAILEtww40,El Próximo Viernes,0.696,0.783,251992,0.432,1.05E-06,0,0.0382,-5.551,1,0.034,136.092,3,0.72,53
Slim.,7vQ2imuLnoKVXr44CVIrq0,crimson,0.396,0.882,120935,0.188,0.828,0,0.0977,-8.841,1,0.304,86.684,4,0.79,30
Monique Nikkole,1uQRcSQv8a6UZPjlzmgTXC,I Feel Love,0.00456,0.712,232500,0.395,0.166,7,0.116,-11.485,0,0.0506,127.998,4,0.733,0
Ethan Payton,6JMPvJ6M6oHctDsIdGEcq5,On The Move,0.504,0.841,207652,0.402,3.17E-06,9,0.0984,-10.882,1,0.076,115.024,4,0.542,26
Row Cake,2tiFE78j5ICjsbLh6ETtk1,Murtoz,0.000381,0.808,144405,0.695,0.93,10,0.112,-7.947,0,0.0684,122.969,4,0.564,0
AP3,0dAj0cfixwiTN9J2LOb2oG,Have It (feat. Flo Rida) - Mark Stout & Scott Svejda Radio Mix,0.056,0.526,194758,0.982,0.00677,6,0.349,-2.099,0,0.0769,123.958,4,0.651,13
St. Lucia,590BlRXa6rxy6pf9ZtSBZZ,A Brighter Love - Edit,0.057,0.793,235747,0.574,0.000836,4,0.0864,-5.666,0,0.0338,114.014,4,0.4,32
Arcangel,72oPpfdPhYhfDA0mATrIto,Date Cuenta,0.53,0.597,204080,0.722,0.000804,5,0.236,-5.861,1,0.125,99.69,4,0.749,41
Alok,74RrMiuSOzAHZEqLlC0BHz,Toda La Noche,0.379,0.735,186667,0.819,0,0,0.0423,-4.809,1,0.124,90.039,4,0.616,51
Black Atlass,5jDp0atW1tJ1lcFSOPNHni,Pain & Pleasure,0.191,0.681,194120,0.514,0.0207,1,0.0983,-6.272,0,0.0676,150.979,4,0.145,48
U2,5dqd0XHTV2porbqWrWtvrb,Love Is Bigger Than Anything In Its Way - HP. Hoeger Rusty Egan From The Heart Mix,0.0825,0.795,401960,0.607,0.0164,4,0.079,-6.784,1,0.0321,94.972,4,0.863,34
Jesse Baez,0qobkldTOAi5qGqJ75HNAK,Quiero Saber,0.00245,0.695,166253,0.818,3.36E-06,6,0.305,-5.532,0,0.0482,102.976,4,0.599,46
NOEL,4qmJgbYL2qPeUXmzKiB1co,Wood Worm,0.00493,0.808,89156,0.863,0.811,9,0.381,-6.045,1,0.0412,140.039,4,0.359,48
Wet,5cDI5fy6WTipWVNoVXWVmb,Out of Tune,0.69,0.413,221933,0.272,7.04E-06,0,0.18,-10.388,1,0.0301,113.648,4,0.119,44
Parcels,6tpAsLYl8JREa9JeMFUTBV,Bemyself,0.377,0.497,147788,0.383,2.53E-06,9,0.725,-13.44,1,0.0299,209.747,3,0.884,49
Mayday Parade,5vzoiQE2cXQalI7FzI8Qyf,Always Leaving,0.764,0.591,221414,0.321,0.00361,2,0.104,-12.122,1,0.0297,109.936,4,0.567,43
Galantis,7oFw1YAaMxJauUhTnrm0rk,Spaceship (feat. Uffie) - Denis First & Reznikov Remix,0.0531,0.691,184782,0.804,0.134,2,0.366,-4.38,0,0.0364,126.039,4,0.473,36
Day6,5sUQ5UfwoQWlfVprZ8dNmv,원하니까 Still,0.0761,0.465,251854,0.725,0,0,0.141,-3.495,1,0.038,179.872,4,0.32,50
Kamasi Washington,4DFhsqrWFcdn7hciEc2KVu,Can You Hear Him,0.291,0.339,534752,0.911,0.928,7,0.0896,-6.393,0,0.142,125.479,4,0.441,33
Landis,6bOl5FnEASu2y5UKoCratX,Ain't Drinking Alone,0.122,0.745,216393,0.842,0,1,0.074,-3.807,1,0.043,121.969,4,0.448,35
Curren$y,3LIcEM8S2jrX6vA0OQXfBU,Modena Moves (feat. French Montana),0.314,0.53,174000,0.797,0,8,0.406,-7.292,0,0.389,79.928,4,0.566,42
"Christone ""Kingfish"" Ingram",6m8HNk4CjfUInDqVyOQoTt,The Thrill Is Gone,0.00354,0.66,256508,0.415,0.000518,4,0.169,-15.016,1,0.151,90.384,4,0.537,45
The Tuesday Crew,3hqXUcu06ajELPBS3uhCD1,Summer Lovin',0.194,0.796,241244,0.331,0,0,0.159,-9.903,1,0.0521,137.968,4,0.632,43
Real Friends,3ERborbteaywSHGVapaBCJ,Take A Hint,0.00143,0.437,179293,0.978,0,1,0.36,-3.945,1,0.109,162.018,4,0.653,39
Allie X,3rSv6B7qY7KW9hR5lMwCWX,Focus,0.198,0.569,227330,0.659,0.00618,0,0.142,-6.839,1,0.083,167.893,4,0.612,32
IZII,0u2okiEIcmyhLwss67gMwV,Drifter,0.38,0.626,216942,0.838,0,10,0.212,-5.042,1,0.0518,110.023,4,0.131,44
Mister Cumbia,1t2FIX5J9j11d5fdh46YcJ,La Cumbia de Zague,0.0554,0.868,170553,0.721,0.000265,0,0.117,-9.673,1,0.0462,120.977,4,0.904,42
Smutelish,5h1eV82CrY1WgcpAho74Rh,Funk the Police,0.0379,0.975,39457,0.104,0.0043,4,0.101,-9.714,1,0.275,122.082,4,0.215,0
Twice 20,05nFSAb3FCfyvLQOxvM0yT,Fallin' - GET FAR Remix,0.0478,0.411,209738,0.854,0.00422,0,0.0997,-4.487,0,0.0429,116.213,1,0.179,14
Gloria Trevi,47Y8o48cWHjMR0YyVccX8J,Que Me Duela,0.096,0.717,202320,0.814,0.000217,11,0.0631,-5.744,0,0.0665,93.021,4,0.535,52
Cody Johns,2KzFtGQvqxmaxvvtCxR7Nd,Smile,0.28,0.747,197076,0.634,0,1,0.0653,-5.834,1,0.1,103.849,4,0.451,31
Money Man,2jCPVc4w44ZjcFDFsPy1i0,Picky,0.0524,0.858,150912,0.405,0.0788,6,0.0997,-7.575,0,0.431,139.936,4,0.228,13
Beau Young Prince,1BeLO7QAJG0dC1TKva3x93,Kill Moe,0.172,0.866,163387,0.576,1.56E-06,5,0.13,-8.851,1,0.209,150.079,4,0.713,43
Mark Knight,4eF2g9nh6lvp3pDC5GvxPj,Shamrat,0.00634,0.804,230323,0.982,0.863,2,0.185,-6.419,0,0.0698,124,4,0.405,37
Black Gloves,0f1s8Al4mg1Jan3BeDknbB,Big Smoke,0.0832,0.563,74340,0.811,0.872,4,0.281,-4.296,0,0.0528,78.044,4,0.837,30
Miky Woodz,0gBAr8mSDKLXhZFW0dNyc7,About Me,0.233,0.819,252880,0.539,0,1,0.181,-4.901,1,0.111,80.024,4,0.55,52
John Coltrane,7aGpjo6SB59tpTiMlD1uvL,Untitled Original 11383 - Take 1,0.706,0.429,341213,0.368,1.96E-06,8,0.294,-14.071,1,0.0404,111.348,4,0.596,47
Mura Kami,6F4pkNcQDdo9Q76nJh8pHA,Swaying Leaves,0.794,0.901,130946,0.228,0.882,7,0.132,-16.019,0,0.259,88.047,4,0.828,28
Calvin Harris,7FliZx9wTDb0U1tPfS7AuX,One Kiss (with Dua Lipa) - Valentino Khan Remix,0.169,0.829,251429,0.664,0.000927,7,0.262,-4.191,1,0.0435,126.017,4,0.432,48
Young Troubel,0O8RQg8tHSxahLdW3Hjry5,Patience,0.339,0.598,224339,0.88,0,9,0.121,-4.171,0,0.208,146.066,4,0.759,0
Wanna One - Triple Position,48fclYq7RZFrDji43rTW5E,Kangaroo (Prod. ZICO),0.0873,0.794,223081,0.646,0,8,0.282,-6.852,1,0.235,139.97,4,0.711,50
French Montana,2RC86WM8zX8v1z4QNtZ2sI,New Goals (French Montana),0.112,0.8,241587,0.749,0,0,0.334,-4.548,1,0.0593,115.076,4,0.247,44
AP3,0e2M0EcDiJdaDK8gZPyonE,Just The Same - AP3 House Remix,0.00121,0.804,258173,0.68,0.0137,4,0.063,-6.371,0,0.064,122.994,4,0.717,24
Popcaan,4C0cgvQBKzgQpwmy5efnjE,Firm and Strong,0.0549,0.59,297699,0.494,0,2,0.0704,-7.076,0,0.0654,140.032,4,0.249,47
Minus the Bear,1srXSgQdy5TKVzjD1THU7n,Fair Enough,0.00976,0.412,256000,0.783,0.00235,2,0.137,-7.384,1,0.0328,99.96,4,0.305,31
HoodRich Pablo Juan,2XrH4cpgCCLbjlVNlrtyxX,Go Crazy,0.256,0.83,166168,0.601,0,9,0.107,-8.023,1,0.347,133.998,4,0.631,37
The Interrupters,4C0ZP5m9z0pfefQHUhach5,Gave You Everything,0.000751,0.413,186120,0.987,0.00266,2,0.515,-3.096,1,0.104,163.084,4,0.352,55
Edwin Luna y La Trakalosa de Monterrey,66uQeH9fhRjc0ljwkYLlib,Dime Que Sí (Versión Banda),0.504,0.591,200147,0.532,0,4,0.145,-5.446,1,0.0293,145.971,3,0.585,4
Louis The Child,0kdkc4WGAjEoIzK87YZKvX,Better Not (feat. Wafia) - Zach Nicita Remix,0.0811,0.506,189996,0.807,0.000428,1,0.296,-4.442,0,0.0541,123.896,4,0.556,38
AK,3FvVXl9VvdZFOkHpFaecCe,Selfish,0.567,0.637,207645,0.489,0,7,0.246,-6.779,0,0.129,81.016,4,0.403,47
Arcangel,7CvDGxMqOjJOrFtLmPA53H,En Su Boca,0.528,0.845,189987,0.665,0.000131,11,0.156,-4.958,1,0.203,128.069,4,0.251,45
Architects,2pHSfJPAYaSEvVBLBtp8R6,Doomsday - Piano Reprise,0.921,0.347,245856,0.127,0.000117,6,0.0793,-14.761,0,0.053,164.922,3,0.354,41
UnoTheActivist,34KYRfd10vDWs5mxE5s1fW,Lil Flip,0.0506,0.965,136107,0.834,8.58E-06,5,0.106,-5.781,0,0.287,127.031,4,0.316,41
Owl City,0g5cBpjngd4btah5tkPneh,The 5th of July,0.603,0.645,251983,0.485,0.0191,6,0.0914,-8.943,1,0.0281,148.945,3,0.596,47
Wifisfuneral,5hCjqEyTxhzc4ApKchwIgU,Don't Touch Me (feat. KEY),0.252,0.714,170899,0.897,0,1,0.195,-1.557,0,0.302,149.218,4,0.484,37
Erik Nieder,2h7lufkzcTZQFIk14THUHF,Better Than Life,0.031,0.526,284598,0.671,0,0,0.0752,-7.51,1,0.0325,144.047,4,0.274,26
Poppy,1HExJgzh18hPEaZIUmboXC,Metal,0.000561,0.71,218621,0.746,0.294,6,0.114,-4.707,1,0.0353,125.016,4,0.862,41
Deafheaven,2nznScQCuL4r9OKMr4A7qc,Near,0.166,0.296,328643,0.48,0.934,0,0.112,-9.685,1,0.0281,133.509,4,0.157,42
mingi pak,76ZOGufpoUcIRUIi0bTs6g,one,0.821,0.727,75000,0.382,0.712,9,0.113,-11.545,0,0.385,80.055,4,0.248,17
SHINee,2gL1DhV4XJxkzbFAYvRn0K,독감 Who Waits For Love,0.0955,0.367,231178,0.761,0,5,0.0886,-4.249,1,0.117,92.927,4,0.344,42
John Coltrane,1vvMqMOGxXgaqprepMaatH,Vilia - Take 3,0.419,0.368,332827,0.448,0,5,0.16,-13.123,1,0.0385,186.975,4,0.685,44
Capital Cities,3Tcb0KTrKKE2C8cGTRscpj,Venus & River,0.00616,0.779,184893,0.552,2.61E-05,11,0.068,-6.047,0,0.0416,108.013,4,0.967,0
SafetySuit,020CYST5igIc5Gx2HtRkJi,F E E L S,0.51,0.499,197647,0.362,0,7,0.28,-8.206,1,0.0621,84.45,4,0.618,37
Dave East,5bZpg1d7joX8Yh6IVK4LTV,NYCHA,0.336,0.649,270560,0.779,0,8,0.125,-5.346,1,0.382,80.411,4,0.673,47
ZenAware,3Rlo8qTFVJjxJzUHhcVrIk,Ur Cute,0.444,0.948,192904,0.743,0.000772,6,0.0912,-3.672,0,0.0646,102.03,4,0.551,39
Youngr,7jD0uPVFPEyqWbeuEarDgJ,Lost In Translation,0.000725,0.767,179915,0.675,0.00349,7,0.371,-7.881,1,0.0365,110.055,4,0.905,42
The Sisterhood Band,2sVvEIgn477aRZXk4QkLk9,Half Way,0.597,0.668,220013,0.801,4.39E-06,2,0.11,-4.284,1,0.0321,149.892,4,0.767,23
Joe,3FeufAV1f6fajILIQuAXMw,Red Planet - Red Planet Radio,0.0215,0.698,256080,0.968,0.862,7,0.111,-11.012,0,0.0337,136.884,4,0.39,0
Day6,1V5SnN2nJb2Yv0gKpXToMT,Stop The Rain,0.000305,0.484,280373,0.932,0,6,0.0768,-2.561,0,0.0559,122.027,4,0.609,47
MF Eistee,1lDuKuXkQ0ZTVXXhUXyCZB,chimney,0.586,0.872,120000,0.142,0.0752,9,0.111,-10.473,0,0.537,88.171,4,0.528,50
Dirty Projectors,1Z3RQFrjlpxtD0vXuLRQJD,What Is The Time,0.397,0.757,195773,0.415,0.000492,5,0.0741,-3.827,1,0.0801,78.062,4,0.606,42
B.o.B,0rN10nW34Z4P90th3IZV3p,Gerald Levert,0.28,0.846,192000,0.629,0.000861,9,0.096,-9.396,1,0.28,149.991,4,0.244,35
Joe,2o7oYjZuo3S2QitY4R5dII,Red Planet - Red Planet Extended,0.00339,0.724,395442,0.97,0.896,2,0.106,-8.415,1,0.0358,136.868,4,0.432,1
Taska Black,25DHR3vMzKxc4pkdfNx1b9,Forever,0.0342,0.573,215172,0.577,0,0,0.0936,-5.86,0,0.0451,72.57,4,0.283,48
TAEYEON,1HVjqP22I8rGY1gyEqrEuy,Circus,0.669,0.75,234027,0.473,0,1,0.103,-6.906,1,0.0427,108.016,4,0.337,55
Grupo Firme,09BifdevHYM2DrH3owXID3,Me Muero,0.36,0.716,158672,0.648,0,2,0.184,-4.412,1,0.0283,127.967,4,0.673,43
The Devil Makes Three,7Fxupx0SQH9EPFKlQKyjNg,Bad Idea,0.0893,0.703,178427,0.761,0,11,0.238,-5.318,1,0.0281,118.986,4,0.929,22
MYA,01GkSQ5gDn2BHOfgfdUepy,Loco por Ti,0.0568,0.705,194674,0.712,0,11,0.0921,-5.409,1,0.156,173.964,4,0.867,58
Young Fredo,31T4AoJOaXpzmvBZGxw2QS,Keep It Real,0.00345,0.755,252280,0.381,0.63,2,0.0834,-19.431,1,0.0704,99.986,4,0.298,1
Yung Pinch,5eImJYwPyrdhUqZ4gTO6Qs,"Another Day, Another Dollar",0.0905,0.632,201971,0.65,9.03E-06,8,0.112,-6.809,1,0.0342,129.955,4,0.266,0
Calibre 50,5YioaXKnXJLCfpLTsxYSnb,Mi Paloma,0.359,0.742,143773,0.809,0,8,0.0998,-3.423,1,0.0325,118.059,4,0.937,45
Shwayze,1UGLjJ3C7V3BMLXpc5XJIL,Travelin',0.386,0.819,239198,0.47,0,1,0.248,-7.189,1,0.0851,130.048,4,0.49,47
Sarah Reeves,4i73TuJFEmHsvzwWwmRaWQ,Easy,0.0176,0.618,211787,0.746,6.15E-05,7,0.0936,-5.144,0,0.0273,127.052,4,0.5,2
James Horner,11sHcngP8Odu0pmRhgaucQ,"Jake's First Flight (From ""Avatar"")",0.953,0.188,206613,0.28,0.811,11,0.166,-17.162,1,0.0423,103.577,3,0.0904,1
The Regrettes,7522DukIFj1ApjJ5ntF4od,Helpless,0.000181,0.496,195403,0.843,0.00024,9,0.35,-3.358,1,0.0537,163.955,4,0.703,46
CamelPhat,55DeU4jy32EJ4tFPgHBeGv,Dopamine Machine,0.0077,0.784,175926,0.903,0.00028,10,0.291,-7.304,0,0.0423,124.019,4,0.405,36
Mom Jeans.,2dPeqGHYLIRUu9hkVKPwqB,I left my towel at my friend's house and then they moved PT 1,0.000637,0.695,155109,0.674,0.033,0,0.396,-7.314,1,0.0365,126.101,4,0.341,43
D.O.D,5FCMtcrNxuaw1PCN0xDG2t,Glow,0.549,0.619,192877,0.91,0,1,0.328,-2.761,0,0.133,125.972,4,0.412,38
Iamjakehill,0LCCBPmALbnVwvFgMv1urS,New Wave,0.564,0.963,128139,0.748,1.09E-06,0,0.0887,-4.942,1,0.0537,110.976,4,0.903,49
Silent Poets,3NMORNJPqARzfspojSKfRJ,Asylums for the feeling feat. Leila Adu,0.00433,0.401,429251,0.425,0.0633,9,0.0857,-9.553,0,0.0256,81.974,4,0.0818,47
Brenky,3PiMnjBT6zVNcjwzkIkddF,Random,0.932,0.706,158999,0.22,0.801,11,0.273,-9.583,0,0.505,80.103,4,0.922,29
Moon Byul,4Lgd631IfDKMLPu6t7L0Tj,SELFISH,0.297,0.502,192578,0.7,0,1,0.154,-3.66,1,0.126,87.201,4,0.64,51
MEUTE,1MdbDBwEEecnlLiyWChJFh,You & Me,0.652,0.661,306423,0.548,0.265,10,0.0913,-4.053,0,0.0407,75.068,4,0.0954,59
Mom Jeans.,4sRTGP63E1E1M6P72pkp7h,Jon bong Jovi,0.000123,0.413,271293,0.893,0.0174,11,0.093,-7.294,1,0.0742,170.074,4,0.463,44
The National,4C1H3wc00wJjFt7ZuUamSX,Squalor Victoria (Live in Brussels),0.0176,0.408,310599,0.791,0.722,11,0.973,-7.653,0,0.0446,137.822,4,0.497,45
AmaLee,5YvdxdabvCxfITqC4MVTSg,Kiss of Death,0.00513,0.523,244918,0.867,0,5,0.371,-2.28,1,0.0854,121.926,4,0.204,48
RVSSLL,0cpAdu2W1ZykffXDrXchdO,Tech House Rewind - JackEL Remix,0.0144,0.805,192756,0.578,0.881,0,0.111,-7.458,0,0.0488,127.009,4,0.797,1
AP3,4JilXfoDfWBkPnzMz0O62d,Have It (feat. Flo Rida) - Joée Miami Nights Mix,0.0137,0.723,171949,0.93,1.36E-05,11,0.308,-3.537,0,0.0919,109.976,4,0.556,12
Mom Jeans.,01OpYvYo9PrOacz0TMkoH6,season 9 ep 2-3,0.000182,0.436,129000,0.837,5.55E-06,1,0.0474,-5.714,1,0.0457,172.082,4,0.689,44
Max Frost,6wQucsv4UI2OEAIfLZz3yC,Eleven Days,0.034,0.692,227200,0.693,0,0,0.11,-4.862,1,0.0812,128.081,4,0.183,29
Jaydayoungan,68VQqWdW03lehcgkUpyBl9,Made The List,0.144,0.647,222280,0.682,0,1,0.122,-9.253,0,0.357,161.006,4,0.51,48
Anthony Green,5J0dKECBUn3QQRDI8ewboq,You're So Dead Meat,0.876,0.536,213936,0.405,0.000107,2,0.274,-6.746,0,0.0293,110.135,3,0.196,42
Zallow Chance,2rSj0aKbeQJe1my65UNy4z,They Walk,0.577,0.388,146547,0.625,0.000492,5,0.388,-3.497,1,0.223,142.158,3,0.8,0
William Matthews,1FfAMgYasFyJKLjqMan0Lg,Only 1,0.485,0.407,210471,0.53,0,11,0.124,-9.193,0,0.0995,77.727,4,0.104,35
The Vamps,3GedKjwmTSBZHQFos6XOUr,Pictures Of Us,0.00932,0.68,218720,0.694,0,11,0.0694,-6.362,0,0.091,104.866,4,0.566,40
LöKii,3boOSED3lTKY1SOTUVX4d5,All on Me,0.399,0.586,166351,0.57,0,9,0.117,-7.598,1,0.0373,136.119,4,0.416,38
Rubblebucket,24YdqCi6XqpyvqRgzFKHjc,Lemonade,0.0271,0.416,244840,0.737,0.0361,3,0.682,-5.711,0,0.0788,80.899,4,0.484,27
La Energia Nortena,6EsCNIgtqSC7qJrtL9dpA6,El Son de la Negra,0.401,0.771,212032,0.854,0.000566,7,0.226,-3.225,1,0.0419,125.166,4,0.656,45
Ne-Yo,1oE97hUUxrhT1TMViLewan,OVER U,0.25,0.805,208053,0.629,0.000204,9,0.0563,-7.304,0,0.0319,119.996,4,0.487,43
floridomi,5ubSW5NVMcqA8Zp3niVGfM,wonder,0.11,0.73,98000,0.761,0.859,7,0.0883,-10.429,1,0.246,192.135,4,0.401,46
Zé Neto & Cristiano,1fyhyOy6iS9E2NckAzjmTo,Status Que Eu Não Queria - Ao Vivo,0.59,0.58,153934,0.871,0,4,0.564,-4.052,1,0.209,117.622,4,0.911,74
Rich The Kid,2Q3rfmlUy75AOaYyUdZ0zr,Back Quick,0.0011,0.858,185017,0.301,0,1,0.0991,-16.643,1,0.452,83.262,4,0.336,45
Jristina Nu,3nWJtWzWfNZDYBUNbq29lf,Nema,0.0063,0.806,146844,0.551,0.865,10,0.0493,-9.166,0,0.0743,122.986,4,0.979,0
Seven Lions,364YZAGf8jSVEzUJFIJwWv,Ocean - Au5 Remix,0.0305,0.524,288095,0.674,8.12E-05,0,0.166,-7.425,0,0.0556,109.945,4,0.153,35
Chelsea Grin,1zmBrDsQkD6DEEvj1UzZ4v,Limbs,9.56E-05,0.423,228768,0.946,0.0408,9,0.948,-4.33,0,0.136,115.013,4,0.0874,43
DJ Water Wave,0HaaHgNrtmVWCy8NOkrn8A,"Summer Stream, Pt. 2",9.46E-05,0.702,33600,0.539,0.836,10,0.0798,-16.157,0,0.493,199.942,4,0.739,26
Melody's Echo Chamber,1HBXXiiegRl0TpzgikBBTP,Shirim,0.0462,0.648,286681,0.71,0.445,0,0.254,-10.992,1,0.0607,101.163,4,0.528,46
Didirri,05veb69kd6kyLyPUohsrxp,I Can't Get Last Night Out Of My Head,0.359,0.571,195418,0.375,0,0,0.0963,-12.281,1,0.0641,153.573,4,0.599,54
